<?xml version="1.0" encoding="UTF-8"?>
<rss version="2.0" xmlns:atom="http://www.w3.org/2005/Atom">
  <channel>
    <title></title>
    <description>This is a simple theme for jekyll</description>
    <link>http://localhost:4000/</link>
    <atom:link href="http://localhost:4000/feed.xml" rel="self" type="application/rss+xml"/>
    <pubDate>Mon, 12 Nov 2018 15:25:15 +0800</pubDate>
    <lastBuildDate>Mon, 12 Nov 2018 15:25:15 +0800</lastBuildDate>
    <generator>Jekyll v3.8.5</generator>
    
      <item>
        <title>First post of pithy</title>
        <description>&lt;p&gt;First post of pithy&lt;/p&gt;
</description>
        <pubDate>Wed, 11 Nov 2015 00:00:00 +0800</pubDate>
        <link>http://localhost:4000/2015/11/11/first-post-of-pithy9</link>
        <guid isPermaLink="true">http://localhost:4000/2015/11/11/first-post-of-pithy9</guid>
        
        <category>first tag</category>
        
        
        <category>6categories</category>
        
      </item>
    
      <item>
        <title>First post of pithy</title>
        <description>&lt;p&gt;First post of pithy&lt;/p&gt;
</description>
        <pubDate>Wed, 11 Nov 2015 00:00:00 +0800</pubDate>
        <link>http://localhost:4000/2015/11/11/first-post-of-pithy8</link>
        <guid isPermaLink="true">http://localhost:4000/2015/11/11/first-post-of-pithy8</guid>
        
        <category>first tag</category>
        
        
        <category>5categories</category>
        
      </item>
    
      <item>
        <title>First post of pithy</title>
        <description>&lt;p&gt;First post of pithy&lt;/p&gt;
</description>
        <pubDate>Wed, 11 Nov 2015 00:00:00 +0800</pubDate>
        <link>http://localhost:4000/2015/11/11/first-post-of-pithy7</link>
        <guid isPermaLink="true">http://localhost:4000/2015/11/11/first-post-of-pithy7</guid>
        
        <category>first tag</category>
        
        
        <category>4categories</category>
        
      </item>
    
      <item>
        <title>First post of pithy</title>
        <description>&lt;p&gt;First post of pithy&lt;/p&gt;
</description>
        <pubDate>Wed, 11 Nov 2015 00:00:00 +0800</pubDate>
        <link>http://localhost:4000/2015/11/11/first-post-of-pithy6</link>
        <guid isPermaLink="true">http://localhost:4000/2015/11/11/first-post-of-pithy6</guid>
        
        <category>first tag</category>
        
        
        <category>3categories</category>
        
      </item>
    
      <item>
        <title>First post of pithy</title>
        <description>&lt;p&gt;123&lt;/p&gt;
</description>
        <pubDate>Wed, 11 Nov 2015 00:00:00 +0800</pubDate>
        <link>http://localhost:4000/2015/11/11/first-post-of-pithy2</link>
        <guid isPermaLink="true">http://localhost:4000/2015/11/11/first-post-of-pithy2</guid>
        
        <category>first_tag</category>
        
        
        <category>first_categories</category>
        
      </item>
    
      <item>
        <title>First post of pithy</title>
        <description>&lt;p&gt;First post of pithy&lt;/p&gt;
</description>
        <pubDate>Wed, 11 Nov 2015 00:00:00 +0800</pubDate>
        <link>http://localhost:4000/2015/11/11/first-post-of-pithy</link>
        <guid isPermaLink="true">http://localhost:4000/2015/11/11/first-post-of-pithy</guid>
        
        <category>first_tag</category>
        
        
        <category>first_categories</category>
        
      </item>
    
  </channel>
</rss>
